Workbook

Sheet Parameters
A1: LOSS RESERVE ADEQUACY - PARAMETERS
A3: Development Factors by Claim Age
A4: Parameter | B4: Value | C4: Description
A5: Dev Factor - 0-6 months | B5: 2.5 | C5: Claims this young often double or more
A6: Dev Factor - 6-12 months | B6: 1.8 | C6: Still significant uncertainty
A7: Dev Factor - 12-24 months | B7: 1.35 | C7: Moderate development expected
A8: Dev Factor - 24-36 months | B8: 1.15 | C8: Nearing maturity
A9: Dev Factor - 36+ months | B9: 1.05 | C9: Mostly settled, minimal tail
A11: Thresholds
A12: Parameter | B12: Value | C12: Description
A13: Reserve Adequacy Warning | B13: 0.8 | C13: Flag if current/ultimate < 80%
A14: Reserve Adequacy Critical | B14: 0.6 | C14: Flag if current/ultimate < 60%
A15: Target Loss Ratio | B15: 0.6 | C15: Pricing threshold
A16: Troubled Account LR | B16: 0.75 | C16: Accounts above this need action
A18: Assumptions
A19: Parameter | B19: Value | C19: Description
A20: Large Claim Threshold | B20: 25000 | C20: Drives extra scrutiny
A21: Litigation Load Factor | B21: 1.4 | C21: Multiplier for claims in suit

Sheet Raw Data
A1: Policy ID | B1: Insured Name | C1: Effective Date | D1: Earned Premium | E1: Claim ID | F1: Date of Loss | G1: Date Reported | H1: Claim Status | I1: In Litigation? | J1: Claim Type | K1: Paid to Date | L1: Current Reserve | M1: Total Incurred
A2: POL-001 | B2: Acme Manufacturing | C2: 45306 | D2: 85000 | E2: CLM-001A | F2: 45361 | G2: 45363 | H2: Open | I2: N | J2: BI | K2: 5000 | L2: 18000 | M2: 23000
A3: POL-001 | B3: Acme Manufacturing | C3: 45306 | D3: 85000 | E3: CLM-001B | F3: 45557 | G3: 45560 | H3: Open | I3: Y | J3: BI | K3: 12000 | L3: 45000 | M3: 57000
A4: POL-001 | B4: Acme Manufacturing | C4: 45306 | D4: 85000 | E4: CLM-001C | F4: 45078 | G4: 45082 | H4: Closed | I4: N | J4: PD | K4: 8500 | L4: 0 | M4: 8500
A5: POL-002 | B5: Beta Corp Industries | C5: 45323 | D5: 120000 | E5: CLM-002A | F5: 45611 | G5: 45614 | H5: Open | I5: N | J5: BI | K5: 0 | L5: 30000 | M5: 30000
A6: POL-002 | B6: Beta Corp Industries | C6: 45323 | D6: 120000 | E6: CLM-002B | F6: 45432 | G6: 45434 | H6: Open | I6: N | J6: PD | K6: 4500 | L6: 8000 | M6: 12500
A7: POL-003 | B7: Gamma Services LLC | C7: 45352 | D7: 65000 | E7: CLM-003A | F7: 45514 | G7: 45519 | H7: Open | I7: Y | J7: BI | K7: 22000 | L7: 78000 | M7: 100000
A8: POL-004 | B8: Delta Logistics | C8: 45292 | D8: 200000 | E8: CLM-004A | F8: 44727 | G8: 44730 | H8: Open | I8: N | J8: BI | K8: 45000 | L8: 15000 | M8: 60000
A9: POL-004 | B9: Delta Logistics | C9: 45292 | D9: 200000 | E9: CLM-004B | F9: 45350 | G9: 45352 | H9: Closed | I9: N | J9: PD | K9: 12000 | L9: 0 | M9: 12000
A10: POL-005 | B10: Epsilon Tech | C10: 45383 | D10: 95000 | E10: CLM-005A | F10: 45570 | G10: 45573 | H10: Open | I10: N | J10: BI | K10: 3000 | L10: 25000 | M10: 28000

Sheet Processing
A1: Policy ID | B1: Claim ID | C1: Date of Loss | D1: Claim Age (months) | E1: Age Bracket | F1: Base Dev Factor | G1: In Litigation? | H1: Litigation Adj | I1: Final Dev Factor | J1: Current Incurred | K1: Projected Ultimate | L1: Development Needed | M1: Large Claim Flag
A2: ='Raw Data'!A2 | B2: ='Raw Data'!E2 | C2: ='Raw Data'!F2 | D2: =DATEDIF(C2,TODAY(),"M") | E2: =IF(D2<6,"0-6 mo",IF(D2<12,"6-12 mo",IF(D2<24,"12-24 mo",IF(D2<36,"24-36 mo","36+ mo")))) | F2: =IF(D2<6,Parameters!$B$5,IF(D2<12,Parameters!$B$6,IF(D2<24,Parameters!$B$7,IF(D2<36,Parameters!$B$8,Parameters!$B$9)))) | G2: ='Raw Data'!I2 | H2: =IF(G2="Y",Parameters!$B$21,1) | I2: =F2*H2 | J2: ='Raw Data'!M2 | K2: =J2*I2 | L2: =K2-J2 | M2: =IF(K2>Parameters!$B$20,"Y","N")
A3: ='Raw Data'!A3 | B3: ='Raw Data'!E3 | C3: ='Raw Data'!F3 | D3: =DATEDIF(C3,TODAY(),"M") | E3: =IF(D3<6,"0-6 mo",IF(D3<12,"6-12 mo",IF(D3<24,"12-24 mo",IF(D3<36,"24-36 mo","36+ mo")))) | F3: =IF(D3<6,Parameters!$B$5,IF(D3<12,Parameters!$B$6,IF(D3<24,Parameters!$B$7,IF(D3<36,Parameters!$B$8,Parameters!$B$9)))) | G3: ='Raw Data'!I3 | H3: =IF(G3="Y",Parameters!$B$21,1) | I3: =F3*H3 | J3: ='Raw Data'!M3 | K3: =J3*I3 | L3: =K3-J3 | M3: =IF(K3>Parameters!$B$20,"Y","N")
A4: ='Raw Data'!A4 | B4: ='Raw Data'!E4 | C4: ='Raw Data'!F4 | D4: =DATEDIF(C4,TODAY(),"M") | E4: =IF(D4<6,"0-6 mo",IF(D4<12,"6-12 mo",IF(D4<24,"12-24 mo",IF(D4<36,"24-36 mo","36+ mo")))) | F4: =IF(D4<6,Parameters!$B$5,IF(D4<12,Parameters!$B$6,IF(D4<24,Parameters!$B$7,IF(D4<36,Parameters!$B$8,Parameters!$B$9)))) | G4: ='Raw Data'!I4 | H4: =IF(G4="Y",Parameters!$B$21,1) | I4: =F4*H4 | J4: ='Raw Data'!M4 | K4: =J4*I4 | L4: =K4-J4 | M4: =IF(K4>Parameters!$B$20,"Y","N")
A5: ='Raw Data'!A5 | B5: ='Raw Data'!E5 | C5: ='Raw Data'!F5 | D5: =DATEDIF(C5,TODAY(),"M") | E5: =IF(D5<6,"0-6 mo",IF(D5<12,"6-12 mo",IF(D5<24,"12-24 mo",IF(D5<36,"24-36 mo","36+ mo")))) | F5: =IF(D5<6,Parameters!$B$5,IF(D5<12,Parameters!$B$6,IF(D5<24,Parameters!$B$7,IF(D5<36,Parameters!$B$8,Parameters!$B$9)))) | G5: ='Raw Data'!I5 | H5: =IF(G5="Y",Parameters!$B$21,1) | I5: =F5*H5 | J5: ='Raw Data'!M5 | K5: =J5*I5 | L5: =K5-J5 | M5: =IF(K5>Parameters!$B$20,"Y","N")
A6: ='Raw Data'!A6 | B6: ='Raw Data'!E6 | C6: ='Raw Data'!F6 | D6: =DATEDIF(C6,TODAY(),"M") | E6: =IF(D6<6,"0-6 mo",IF(D6<12,"6-12 mo",IF(D6<24,"12-24 mo",IF(D6<36,"24-36 mo","36+ mo")))) | F6: =IF(D6<6,Parameters!$B$5,IF(D6<12,Parameters!$B$6,IF(D6<24,Parameters!$B$7,IF(D6<36,Parameters!$B$8,Parameters!$B$9)))) | G6: ='Raw Data'!I6 | H6: =IF(G6="Y",Parameters!$B$21,1) | I6: =F6*H6 | J6: ='Raw Data'!M6 | K6: =J6*I6 | L6: =K6-J6 | M6: =IF(K6>Parameters!$B$20,"Y","N")
A7: ='Raw Data'!A7 | B7: ='Raw Data'!E7 | C7: ='Raw Data'!F7 | D7: =DATEDIF(C7,TODAY(),"M") | E7: =IF(D7<6,"0-6 mo",IF(D7<12,"6-12 mo",IF(D7<24,"12-24 mo",IF(D7<36,"24-36 mo","36+ mo")))) | F7: =IF(D7<6,Parameters!$B$5,IF(D7<12,Parameters!$B$6,IF(D7<24,Parameters!$B$7,IF(D7<36,Parameters!$B$8,Parameters!$B$9)))) | G7: ='Raw Data'!I7 | H7: =IF(G7="Y",Parameters!$B$21,1) | I7: =F7*H7 | J7: ='Raw Data'!M7 | K7: =J7*I7 | L7: =K7-J7 | M7: =IF(K7>Parameters!$B$20,"Y","N")
A8: ='Raw Data'!A8 | B8: ='Raw Data'!E8 | C8: ='Raw Data'!F8 | D8: =DATEDIF(C8,TODAY(),"M") | E8: =IF(D8<6,"0-6 mo",IF(D8<12,"6-12 mo",IF(D8<24,"12-24 mo",IF(D8<36,"24-36 mo","36+ mo")))) | F8: =IF(D8<6,Parameters!$B$5,IF(D8<12,Parameters!$B$6,IF(D8<24,Parameters!$B$7,IF(D8<36,Parameters!$B$8,Parameters!$B$9)))) | G8: ='Raw Data'!I8 | H8: =IF(G8="Y",Parameters!$B$21,1) | I8: =F8*H8 | J8: ='Raw Data'!M8 | K8: =J8*I8 | L8: =K8-J8 | M8: =IF(K8>Parameters!$B$20,"Y","N")
A9: ='Raw Data'!A9 | B9: ='Raw Data'!E9 | C9: ='Raw Data'!F9 | D9: =DATEDIF(C9,TODAY(),"M") | E9: =IF(D9<6,"0-6 mo",IF(D9<12,"6-12 mo",IF(D9<24,"12-24 mo",IF(D9<36,"24-36 mo","36+ mo")))) | F9: =IF(D9<6,Parameters!$B$5,IF(D9<12,Parameters!$B$6,IF(D9<24,Parameters!$B$7,IF(D9<36,Parameters!$B$8,Parameters!$B$9)))) | G9: ='Raw Data'!I9 | H9: =IF(G9="Y",Parameters!$B$21,1) | I9: =F9*H9 | J9: ='Raw Data'!M9 | K9: =J9*I9 | L9: =K9-J9 | M9: =IF(K9>Parameters!$B$20,"Y","N")
A10: ='Raw Data'!A10 | B10: ='Raw Data'!E10 | C10: ='Raw Data'!F10 | D10: =DATEDIF(C10,TODAY(),"M") | E10: =IF(D10<6,"0-6 mo",IF(D10<12,"6-12 mo",IF(D10<24,"12-24 mo",IF(D10<36,"24-36 mo","36+ mo")))) | F10: =IF(D10<6,Parameters!$B$5,IF(D10<12,Parameters!$B$6,IF(D10<24,Parameters!$B$7,IF(D10<36,Parameters!$B$8,Parameters!$B$9)))) | G10: ='Raw Data'!I10 | H10: =IF(G10="Y",Parameters!$B$21,1) | I10: =F10*H10 | J10: ='Raw Data'!M10 | K10: =J10*I10 | L10: =K10-J10 | M10: =IF(K10>Parameters!$B$20,"Y","N")

Sheet Output
A1: Policy ID | B1: Insured | C1: Earned Premium | D1: Reported Incurred | E1: Projected Ultimate | F1: Current LR | G1: Developed LR | H1: Reserve Adequacy % | I1: Adequacy Flag | J1: Open Claims | K1: Large Claims | L1: Renewal Action | M1: Priority
A2: POL-001 | B2: =VLOOKUP(A2,'Raw Data'!A:B,2,FALSE) | C2: =SUMIF('Raw Data'!A:A,A2,'Raw Data'!D:D)/COUNTIF('Raw Data'!A:A,A2) | D2: =SUMIF('Raw Data'!A:A,A2,'Raw Data'!M:M) | E2: =SUMIF(Processing!A:A,A2,Processing!K:K) | F2: =IF(C2=0,"-",D2/C2) | G2: =IF(C2=0,"-",E2/C2) | H2: =IF(E2=0,"-",D2/E2) | I2: =IF(H2="-","N/A",IF(H2<Parameters!$B$14,"CRITICAL",IF(H2<Parameters!$B$13,"WARNING","OK"))) | J2: =COUNTIFS('Raw Data'!A:A,A2,'Raw Data'!H:H,"Open") | K2: =COUNTIFS(Processing!A:A,A2,Processing!M:M,"Y") | L2: =IF(G2>1,"NON-RENEW",IF(G2>Parameters!$B$16,"REPRICE",IF(G2>Parameters!$B$15,"MONITOR","RENEW AS-IS"))) | M2: =IF(L2="NON-RENEW",1,IF(L2="REPRICE",2,IF(L2="MONITOR",3,4)))
A3: POL-002 | B3: =VLOOKUP(A3,'Raw Data'!A:B,2,FALSE) | C3: =SUMIF('Raw Data'!A:A,A3,'Raw Data'!D:D)/COUNTIF('Raw Data'!A:A,A3) | D3: =SUMIF('Raw Data'!A:A,A3,'Raw Data'!M:M) | E3: =SUMIF(Processing!A:A,A3,Processing!K:K) | F3: =IF(C3=0,"-",D3/C3) | G3: =IF(C3=0,"-",E3/C3) | H3: =IF(E3=0,"-",D3/E3) | I3: =IF(H3="-","N/A",IF(H3<Parameters!$B$14,"CRITICAL",IF(H3<Parameters!$B$13,"WARNING","OK"))) | J3: =COUNTIFS('Raw Data'!A:A,A3,'Raw Data'!H:H,"Open") | K3: =COUNTIFS(Processing!A:A,A3,Processing!M:M,"Y") | L3: =IF(G3>1,"NON-RENEW",IF(G3>Parameters!$B$16,"REPRICE",IF(G3>Parameters!$B$15,"MONITOR","RENEW AS-IS"))) | M3: =IF(L3="NON-RENEW",1,IF(L3="REPRICE",2,IF(L3="MONITOR",3,4)))
A4: POL-003 | B4: =VLOOKUP(A4,'Raw Data'!A:B,2,FALSE) | C4: =SUMIF('Raw Data'!A:A,A4,'Raw Data'!D:D)/COUNTIF('Raw Data'!A:A,A4) | D4: =SUMIF('Raw Data'!A:A,A4,'Raw Data'!M:M) | E4: =SUMIF(Processing!A:A,A4,Processing!K:K) | F4: =IF(C4=0,"-",D4/C4) | G4: =IF(C4=0,"-",E4/C4) | H4: =IF(E4=0,"-",D4/E4) | I4: =IF(H4="-","N/A",IF(H4<Parameters!$B$14,"CRITICAL",IF(H4<Parameters!$B$13,"WARNING","OK"))) | J4: =COUNTIFS('Raw Data'!A:A,A4,'Raw Data'!H:H,"Open") | K4: =COUNTIFS(Processing!A:A,A4,Processing!M:M,"Y") | L4: =IF(G4>1,"NON-RENEW",IF(G4>Parameters!$B$16,"REPRICE",IF(G4>Parameters!$B$15,"MONITOR","RENEW AS-IS"))) | M4: =IF(L4="NON-RENEW",1,IF(L4="REPRICE",2,IF(L4="MONITOR",3,4)))
A5: POL-004 | B5: =VLOOKUP(A5,'Raw Data'!A:B,2,FALSE) | C5: =SUMIF('Raw Data'!A:A,A5,'Raw Data'!D:D)/COUNTIF('Raw Data'!A:A,A5) | D5: =SUMIF('Raw Data'!A:A,A5,'Raw Data'!M:M) | E5: =SUMIF(Processing!A:A,A5,Processing!K:K) | F5: =IF(C5=0,"-",D5/C5) | G5: =IF(C5=0,"-",E5/C5) | H5: =IF(E5=0,"-",D5/E5) | I5: =IF(H5="-","N/A",IF(H5<Parameters!$B$14,"CRITICAL",IF(H5<Parameters!$B$13,"WARNING","OK"))) | J5: =COUNTIFS('Raw Data'!A:A,A5,'Raw Data'!H:H,"Open") | K5: =COUNTIFS(Processing!A:A,A5,Processing!M:M,"Y") | L5: =IF(G5>1,"NON-RENEW",IF(G5>Parameters!$B$16,"REPRICE",IF(G5>Parameters!$B$15,"MONITOR","RENEW AS-IS"))) | M5: =IF(L5="NON-RENEW",1,IF(L5="REPRICE",2,IF(L5="MONITOR",3,4)))
A6: POL-005 | B6: =VLOOKUP(A6,'Raw Data'!A:B,2,FALSE) | C6: =SUMIF('Raw Data'!A:A,A6,'Raw Data'!D:D)/COUNTIF('Raw Data'!A:A,A6) | D6: =SUMIF('Raw Data'!A:A,A6,'Raw Data'!M:M) | E6: =SUMIF(Processing!A:A,A6,Processing!K:K) | F6: =IF(C6=0,"-",D6/C6) | G6: =IF(C6=0,"-",E6/C6) | H6: =IF(E6=0,"-",D6/E6) | I6: =IF(H6="-","N/A",IF(H6<Parameters!$B$14,"CRITICAL",IF(H6<Parameters!$B$13,"WARNING","OK"))) | J6: =COUNTIFS('Raw Data'!A:A,A6,'Raw Data'!H:H,"Open") | K6: =COUNTIFS(Processing!A:A,A6,Processing!M:M,"Y") | L6: =IF(G6>1,"NON-RENEW",IF(G6>Parameters!$B$16,"REPRICE",IF(G6>Parameters!$B$15,"MONITOR","RENEW AS-IS"))) | M6: =IF(L6="NON-RENEW",1,IF(L6="REPRICE",2,IF(L6="MONITOR",3,4)))
A8: Note: Apply conditional formatting to Adequacy Flag column (I) and Renewal Action column (L)
